id	commit	committed_at
clojure_discljord	6e57deebfb2b8209e17990a3d506e8fab0a91da8	2023-04-17T09:43:27-05:00
crystal_discordcr	0e03deb8ffa247814f2fec4e197cba7a62534f85	2023-12-06T20:17:50-06:00
dart_nyxx	40e12c14524af372cf8f816ffdc680fdfb74c183	2026-09-15T13:15:04+02:00
dotnet_discord-net	bd4a42cb0f11842312e44bf485377b9891845d8f	2026-10-04T15:52:25+03:00
dotnet_dsharpplus	fd82340af43a921f49f6196194c574d77cf26510	2026-09-23T21:39:38+02:00
elixir_coxir	75bce94dcbe5dfa49e920d2f4ce0de224c315ce4	2021-06-01T14:00:11+02:00
elixir_nostrum	03b06ba1c5094b83991097b1ce76b5fe2740324c	2026-04-05T19:41:20+02:00
go_discordgo	f43dd94faaacd5b163e9e783f14b5bd8be639fc9	2026-02-14T15:39:28+03:00
go_disgord	fb5755304ff4c9ae06d2d66179301b15e8dd9c62	2024-03-10T10:13:38+01:00
java_discord4j	5ba08c0b07333abb5f9cc469644330161fcee4f7	2026-10-04T14:50:01-03:00
java_javacord	4d6c82218670dfebdbe50d647d9231216a5cd55c	2025-02-07T18:36:44+01:00
java_jda	7c900019ca511a994087320ce98d19cd79a2c4b0	2026-09-20T18:05:18Z
js_discord-js	4dc1acc60497c21292ae68bdbb0a83a79d9004fe	2026-10-01T01:01:30Z
js_eris	ea2de118aef03e991fcf48adaf131c7d4f87e651	2025-09-28T23:14:27+01:00
julia_discord-jl	5f8e76750599d80a83c5f1e98e32009484c6d1e0	2022-08-04T11:14:22+02:00
kotlin_kord	db459ec8fc140e42c08997a2dcd21491660dba3d	2026-09-23T11:14:20+01:00
lua_discordia	bc8261ca21318a45365062f164d0ca62163fdbb7	2026-03-21T12:28:56-04:00
nim_dimscord	1467f15419a9f05b6b406d583482665bbb6755d9	2026-06-21T18:52:09+01:00
php_discord-php	e004de5a1ba92df9e945659ab3a41da9d7937f24	2026-10-03T09:38:23-04:00
php_restcord	c3d6f8f2c13851cfd426c70a718171681552be61	2026-08-31T09:21:25-05:00
python_discord-py	65232c38702be5844cf2ce865a4777eb1928b5d0	2026-09-01T05:17:34-04:00
ruby_discordrb	05cd95d27c50685e663c1ce12fb7570d7a29a198	2026-06-09T10:09:15-04:00
rust_serenity	db6c7e188717c957c7051570dda60d314b6afe2d	2026-05-13T09:43:15-04:00
rust_twilight	fe33d626ece04de917ebe7e5a4bd19f5a9f32e04	2026-10-04T21:04:02+02:00
scala_ackcord	ee7b132cd018a949a7e8e819efa7a58fa44314fc	2025-08-12T13:08:04+02:00
swift_swiftdiscord	77a9cf9e99e64a54b9f61588c2e82675523b5c2b	2018-08-23T16:18:21-04:00
ts_detritus	b27cbaa5bfb48506b059be178da0e871b83ba95e	2021-09-12T23:16:43-06:00
